Workbook

Sheet 实验设置
A1: 斜面滑动实验｜最小计算记录表
A3: 同一批次固定物体、质量、轨道材质、动摩擦系数、相机位置和释放点；Trial中只改变角度或背景。
A5: 填写项目 | B5: 填写值 | C5: 简单示例 | D5: 为什么保留
A6: 实验批次名称 | B6: 20260723_incline_01 | C6: 例：20260723_incline_01 | D6: 用于文件夹和 metadata 命名
A7: 采集日期 | B7: 2026.07.23 | C7: 填写当天日期 | D7: 不用填写具体时间
A8: 手机型号 | B8: iPhone 12 | C8: 已预填 | D8: 设备不变时无需修改
A9: 录像模式 | B9: 高清/240fps（慢动作） | C9: 例：高清 / 240 fps | D9: 分辨率和帧率写在一起即可
A10: 物体说明 | B10: 黑底圆孔滑块 | C10: 例：木块A | D10: 本批次只使用一个物体
A11: 物体质量_kg | B11: 0.08768 | C11: 例：0.200 | D11: 同一批次固定
A12: 轨道材质 | B12: 木板原表面 | C12: 例：木板原表面 | D12: 更换材质时建立新批次
A13: 动摩擦系数_mu_k | B13: 0.463 | C13: 例：0.250 | D13: 同一批次固定
A14: 标定参照长度_cm | B14: 49 | C14: 画面中标尺已知长度 | D14: 用于像素换算实际距离
A15: 固定释放点 | B15: 顶端 | C15: 例：顶端红色胶带线 | D15: 不要求精确测量距离
A16: 重力加速度_m_s2 | B16: 9.80665 | C16: 已预填标准重力 | D16: 一般无需修改
A17: 整体备注 | B17: 滑块长11cm | C17: 没有异常可留空 | D17: 记录影响整批实验的情况
A20: 自动计算：每个 Trial 的摩擦力 F_f = μ_k·m·g·cos(θ)；理论加速度 a = g·[sin(θ) − μ_k·cos(θ)]。
A21: 背景变化不影响批次物理参数；在 Trial 记录中标记“是否更换背景”，用于 Appearance OOD 划分。

Sheet Trial记录
A1: Trial 记录｜每段视频一行
A3: 人工填写视频文件名、斜面角度和背景变化；摩擦力与理论加速度由批次固定参数自动计算。
A5: Trial编号 | B5: 视频文件名 | C5: 斜面角度_deg | D5: 摩擦力_N | E5: 理论加速度_m_s2 | F5: 是否更换背景 | G5: 背景说明（可空）
A6: T001 | B6: IMG_0271 | C6: 32 | D6: =IF(OR(B6="",C6="",实验设置!$B$11="",实验设置!$B$13=""),"",实验设置!$B$13*实验设置!$B$11*实验设置!$B$16*COS(RADIANS(C6))) -> 0.33761574 | E6: =IF(OR(B6="",C6="",实验设置!$B$13=""),"",实验设置!$B$16*(SIN(RADIANS(C6))-实验设置!$B$13*COS(RADIANS(C6)))) -> 1.3461882
A7: T002 | B7: IMG_0273 | C7: 32 | D7: =IF(OR(B7="",C7="",实验设置!$B$11="",实验设置!$B$13=""),"",实验设置!$B$13*实验设置!$B$11*实验设置!$B$16*COS(RADIANS(C7))) -> 0.33761574 | E7: =IF(OR(B7="",C7="",实验设置!$B$13=""),"",实验设置!$B$16*(SIN(RADIANS(C7))-实验设置!$B$13*COS(RADIANS(C7)))) -> 1.3461882
A8: T003 | B8: IMG_0274 | C8: 32 | D8: =IF(OR(B8="",C8="",实验设置!$B$11="",实验设置!$B$13=""),"",实验设置!$B$13*实验设置!$B$11*实验设置!$B$16*COS(RADIANS(C8))) -> 0.33761574 | E8: =IF(OR(B8="",C8="",实验设置!$B$13=""),"",实验设置!$B$16*(SIN(RADIANS(C8))-实验设置!$B$13*COS(RADIANS(C8)))) -> 1.3461882
A9: T004 | B9: IMG_0275 | C9: 32 | D9: =IF(OR(B9="",C9="",实验设置!$B$11="",实验设置!$B$13=""),"",实验设置!$B$13*实验设置!$B$11*实验设置!$B$16*COS(RADIANS(C9))) -> 0.33761574 | E9: =IF(OR(B9="",C9="",实验设置!$B$13=""),"",实验设置!$B$16*(SIN(RADIANS(C9))-实验设置!$B$13*COS(RADIANS(C9)))) -> 1.3461882
A10: T005 | B10: IMG_0276 | C10: 32 | D10: =IF(OR(B10="",C10="",实验设置!$B$11="",实验设置!$B$13=""),"",实验设置!$B$13*实验设置!$B$11*实验设置!$B$16*COS(RADIANS(C10))) -> 0.33761574 | E10: =IF(OR(B10="",C10="",实验设置!$B$13=""),"",实验设置!$B$16*(SIN(RADIANS(C10))-实验设置!$B$13*COS(RADIANS(C10)))) -> 1.3461882
A11: T006 | B11: IMG_0313 | C11: 32 | D11: =IF(OR(B11="",C11="",实验设置!$B$11="",实验设置!$B$13=""),"",实验设置!$B$13*实验设置!$B$11*实验设置!$B$16*COS(RADIANS(C11))) -> 0.33761574 | E11: =IF(OR(B11="",C11="",实验设置!$B$13=""),"",实验设置!$B$16*(SIN(RADIANS(C11))-实验设置!$B$13*COS(RADIANS(C11)))) -> 1.3461882 | F11: 是 | G11: 油画
A12: T007 | B12: IMG_0314 | C12: 32 | D12: =IF(OR(B12="",C12="",实验设置!$B$11="",实验设置!$B$13=""),"",实验设置!$B$13*实验设置!$B$11*实验设置!$B$16*COS(RADIANS(C12))) -> 0.33761574 | E12: =IF(OR(B12="",C12="",实验设置!$B$13=""),"",实验设置!$B$16*(SIN(RADIANS(C12))-实验设置!$B$13*COS(RADIANS(C12)))) -> 1.3461882 | F12: 是 | G12: 油画
A13: T008 | B13: IMG_0317 | C13: 32 | D13: =IF(OR(B13="",C13="",实验设置!$B$11="",实验设置!$B$13=""),"",实验设置!$B$13*实验设置!$B$11*实验设置!$B$16*COS(RADIANS(C13))) -> 0.33761574 | E13: =IF(OR(B13="",C13="",实验设置!$B$13=""),"",实验设置!$B$16*(SIN(RADIANS(C13))-实验设置!$B$13*COS(RADIANS(C13)))) -> 1.3461882 | F13: 是 | G13: 油画
A14: T009 | B14: IMG_0318 | C14: 32 | D14: =IF(OR(B14="",C14="",实验设置!$B$11="",实验设置!$B$13=""),"",实验设置!$B$13*实验设置!$B$11*实验设置!$B$16*COS(RADIANS(C14))) -> 0.33761574 | E14: =IF(OR(B14="",C14="",实验设置!$B$13=""),"",实验设置!$B$16*(SIN(RADIANS(C14))-实验设置!$B$13*COS(RADIANS(C14)))) -> 1.3461882 | F14: 是 | G14: 油画
A15: T010 | B15: IMG_0319 | C15: 32 | D15: =IF(OR(B15="",C15="",实验设置!$B$11="",实验设置!$B$13=""),"",实验设置!$B$13*实验设置!$B$11*实验设置!$B$16*COS(RADIANS(C15))) -> 0.33761574 | E15: =IF(OR(B15="",C15="",实验设置!$B$13=""),"",实验设置!$B$16*(SIN(RADIANS(C15))-实验设置!$B$13*COS(RADIANS(C15)))) -> 1.3461882 | F15: 是 | G15: 油画
A16: T011 | B16: IMG_0341 | C16: 32 | D16: =IF(OR(B16="",C16="",实验设置!$B$11="",实验设置!$B$13=""),"",实验设置!$B$13*实验设置!$B$11*实验设置!$B$16*COS(RADIANS(C16))) -> 0.33761574 | E16: =IF(OR(B16="",C16="",实验设置!$B$13=""),"",实验设置!$B$16*(SIN(RADIANS(C16))-实验设置!$B$13*COS(RADIANS(C16)))) -> 1.3461882 | F16: 是 | G16: 黑色泡沫板
A17: T012 | B17: IMG_0342 | C17: 32 | D17: =IF(OR(B17="",C17="",实验设置!$B$11="",实验设置!$B$13=""),"",实验设置!$B$13*实验设置!$B$11*实验设置!$B$16*COS(RADIANS(C17))) -> 0.33761574 | E17: =IF(OR(B17="",C17="",实验设置!$B$13=""),"",实验设置!$B$16*(SIN(RADIANS(C17))-实验设置!$B$13*COS(RADIANS(C17)))) -> 1.3461882 | F17: 是 | G17: 黑色泡沫板
A18: T013 | B18: IMG_0343 | C18: 32 | D18: =IF(OR(B18="",C18="",实验设置!$B$11="",实验设置!$B$13=""),"",实验设置!$B$13*实验设置!$B$11*实验设置!$B$16*COS(RADIANS(C18))) -> 0.33761574 | E18: =IF(OR(B18="",C18="",实验设置!$B$13=""),"",实验设置!$B$16*(SIN(RADIANS(C18))-实验设置!$B$13*COS(RADIANS(C18)))) -> 1.3461882 | F18: 是 | G18: 黑色泡沫板
A19: T014 | B19: IMG_0344 | C19: 32 | D19: =IF(OR(B19="",C19="",实验设置!$B$11="",实验设置!$B$13=""),"",实验设置!$B$13*实验设置!$B$11*实验设置!$B$16*COS(RADIANS(C19))) -> 0.33761574 | E19: =IF(OR(B19="",C19="",实验设置!$B$13=""),"",实验设置!$B$16*(SIN(RADIANS(C19))-实验设置!$B$13*COS(RADIANS(C19)))) -> 1.3461882 | F19: 是 | G19: 黑色泡沫板
A20: T015 | B20: IMG_0345 | C20: 32 | D20: =IF(OR(B20="",C20="",实验设置!$B$11="",实验设置!$B$13=""),"",实验设置!$B$13*实验设置!$B$11*实验设置!$B$16*COS(RADIANS(C20))) -> 0.33761574 | E20: =IF(OR(B20="",C20="",实验设置!$B$13=""),"",实验设置!$B$16*(SIN(RADIANS(C20))-实验设置!$B$13*COS(RADIANS(C20)))) -> 1.3461882 | F20: 是 | G20: 黑色泡沫板
A21: T016 | B21: IMG_0346 | C21: 32 | D21: =IF(OR(B21="",C21="",实验设置!$B$11="",实验设置!$B$13=""),"",实验设置!$B$13*实验设置!$B$11*实验设置!$B$16*COS(RADIANS(C21))) -> 0.33761574 | E21: =IF(OR(B21="",C21="",实验设置!$B$13=""),"",实验设置!$B$16*(SIN(RADIANS(C21))-实验设置!$B$13*COS(RADIANS(C21)))) -> 1.3461882 | F21: 是 | G21: 绿色卡纸
A22: T017 | B22: IMG_0348 | C22: 32 | D22: =IF(OR(B22="",C22="",实验设置!$B$11="",实验设置!$B$13=""),"",实验设置!$B$13*实验设置!$B$11*实验设置!$B$16*COS(RADIANS(C22))) -> 0.33761574 | E22: =IF(OR(B22="",C22="",实验设置!$B$13=""),"",实验设置!$B$16*(SIN(RADIANS(C22))-实验设置!$B$13*COS(RADIANS(C22)))) -> 1.3461882 | F22: 是 | G22: 绿色卡纸
... A25: T020 | B25: IMG_0351 | C25: 32 | D25: =IF(OR(B25="",C25="",实验设置!$B$11="",实验设置!$B$13=""),"",实验设置!$B$13*实验设置!$B$11*实验设置!$B$16*COS(RADIANS(C25))) -> 0.33761574 | E25: =IF(OR(B25="",C25="",实验设置!$B$13=""),"",实验设置!$B$16*(SIN(RADIANS(C25))-实验设置!$B$13*COS(RADIANS(C25)))) -> 1.3461882 | F25: 是 | G25: 绿色卡纸
A26: T021 | B26: IMG_0281 | C26: 35 | D26: =IF(OR(B26="",C26="",实验设置!$B$11="",实验设置!$B$13=""),"",实验设置!$B$13*实验设置!$B$11*实验设置!$B$16*COS(RADIANS(C26))) -> 0.32611196 | E26: =IF(OR(B26="",C26="",实验设置!$B$13=""),"",实验设置!$B$16*(SIN(RADIANS(C26))-实验设置!$B$13*COS(RADIANS(C26)))) -> 1.9055207
A27: T022 | B27: IMG_0283 | C27: 35 | D27: =IF(OR(B27="",C27="",实验设置!$B$11="",实验设置!$B$13=""),"",实验设置!$B$13*实验设置!$B$11*实验设置!$B$16*COS(RADIANS(C27))) -> 0.32611196 | E27: =IF(OR(B27="",C27="",实验设置!$B$13=""),"",实验设置!$B$16*(SIN(RADIANS(C27))-实验设置!$B$13*COS(RADIANS(C27)))) -> 1.9055207
A28: T023 | B28: IMG_0284 | C28: 35 | D28: =IF(OR(B28="",C28="",实验设置!$B$11="",实验设置!$B$13=""),"",实验设置!$B$13*实验设置!$B$11*实验设置!$B$16*COS(RADIANS(C28))) -> 0.32611196 | E28: =IF(OR(B28="",C28="",实验设置!$B$13=""),"",实验设置!$B$16*(SIN(RADIANS(C28))-实验设置!$B$13*COS(RADIANS(C28)))) -> 1.9055207
A29: T024 | B29: IMG_0285 | C29: 35 | D29: =IF(OR(B29="",C29="",实验设置!$B$11="",实验设置!$B$13=""),"",实验设置!$B$13*实验设置!$B$11*实验设置!$B$16*COS(RADIANS(C29))) -> 0.32611196 | E29: =IF(OR(B29="",C29="",实验设置!$B$13=""),"",实验设置!$B$16*(SIN(RADIANS(C29))-实验设置!$B$13*COS(RADIANS(C29)))) -> 1.9055207
A30: T025 | B30: IMG_0286 | C30: 35 | D30: =IF(OR(B30="",C30="",实验设置!$B$11="",实验设置!$B$13=""),"",实验设置!$B$13*实验设置!$B$11*实验设置!$B$16*COS(RADIANS(C30))) -> 0.32611196 | E30: =IF(OR(B30="",C30="",实验设置!$B$13=""),"",实验设置!$B$16*(SIN(RADIANS(C30))-实验设置!$B$13*COS(RADIANS(C30)))) -> 1.9055207
A31: T026 | B31: IMG_0320 | C31: 35 | D31: =IF(OR(B31="",C31="",实验设置!$B$11="",实验设置!$B$13=""),"",实验设置!$B$13*实验设置!$B$11*实验设置!$B$16*COS(RADIANS(C31))) -> 0.32611196 | E31: =IF(OR(B31="",C31="",实验设置!$B$13=""),"",实验设置!$B$16*(SIN(RADIANS(C31))-实验设置!$B$13*COS(RADIANS(C31)))) -> 1.9055207 | F31: 是 | G31: 油画
A32: T027 | B32: IMG_0321 | C32: 35 | D32: =IF(OR(B32="",C32="",实验设置!$B$11="",实验设置!$B$13=""),"",实验设置!$B$13*实验设置!$B$11*实验设置!$B$16*COS(RADIANS(C32))) -> 0.32611196 | E32: =IF(OR(B32="",C32="",实验设置!$B$13=""),"",实验设置!$B$16*(SIN(RADIANS(C32))-实验设置!$B$13*COS(RADIANS(C32)))) -> 1.9055207 | F32: 是 | G32: 油画
A33: T028 | B33: IMG_0323 | C33: 35 | D33: =IF(OR(B33="",C33="",实验设置!$B$11="",实验设置!$B$13=""),"",实验设置!$B$13*实验设置!$B$11*实验设置!$B$16*COS(RADIANS(C33))) -> 0.32611196 | E33: =IF(OR(B33="",C33="",实验设置!$B$13=""),"",实验设置!$B$16*(SIN(RADIANS(C33))-实验设置!$B$13*COS(RADIANS(C33)))) -> 1.9055207 | F33: 是 | G33: 油画
A34: T029 | B34: IMG_0324 | C34: 35 | D34: =IF(OR(B34="",C34="",实验设置!$B$11="",实验设置!$B$13=""),"",实验设置!$B$13*实验设置!$B$11*实验设置!$B$16*COS(RADIANS(C34))) -> 0.32611196 | E34: =IF(OR(B34="",C34="",实验设置!$B$13=""),"",实验设置!$B$16*(SIN(RADIANS(C34))-实验设置!$B$13*COS(RADIANS(C34)))) -> 1.9055207 | F34: 是 | G34: 油画
A35: T030 | B35: IMG_0325 | C35: 35 | D35: =IF(OR(B35="",C35="",实验设置!$B$11="",实验设置!$B$13=""),"",实验设置!$B$13*实验设置!$B$11*实验设置!$B$16*COS(RADIANS(C35))) -> 0.32611196 | E35: =IF(OR(B35="",C35="",实验设置!$B$13=""),"",实验设置!$B$16*(SIN(RADIANS(C35))-实验设置!$B$13*COS(RADIANS(C35)))) -> 1.9055207 | F35: 是 | G35: 油画
A36: T031 | B36: IMG_0375 | C36: 35 | D36: =IF(OR(B36="",C36="",实验设置!$B$11="",实验设置!$B$13=""),"",实验设置!$B$13*实验设置!$B$11*实验设置!$B$16*COS(RADIANS(C36))) -> 0.32611196 | E36: =IF(OR(B36="",C36="",实验设置!$B$13=""),"",实验设置!$B$16*(SIN(RADIANS(C36))-实验设置!$B$13*COS(RADIANS(C36)))) -> 1.9055207 | F36: 是 | G36: 黑色泡沫板
A37: T032 | B37: IMG_0376 | C37: 35 | D37: =IF(OR(B37="",C37="",实验设置!$B$11="",实验设置!$B$13=""),"",实验设置!$B$13*实验设置!$B$11*实验设置!$B$16*COS(RADIANS(C37))) -> 0.32611196 | E37: =IF(OR(B37="",C37="",实验设置!$B$13=""),"",实验设置!$B$16*(SIN(RADIANS(C37))-实验设置!$B$13*COS(RADIANS(C37)))) -> 1.9055207 | F37: 是 | G37: 黑色泡沫板
A38: T033 | B38: IMG_0377 | C38: 35 | D38: =IF(OR(B38="",C38="",实验设置!$B$11="",实验设置!$B$13=""),"",实验设置!$B$13*实验设置!$B$11*实验设置!$B$16*COS(RADIANS(C38))) -> 0.32611196 | E38: =IF(OR(B38="",C38="",实验设置!$B$13=""),"",实验设置!$B$16*(SIN(RADIANS(C38))-实验设置!$B$13*COS(RADIANS(C38)))) -> 1.9055207 | F38: 是 | G38: 黑色泡沫板
A39: T034 | B39: IMG_0378 | C39: 35 | D39: =IF(OR(B39="",C39="",实验设置!$B$11="",实验设置!$B$13=""),"",实验设置!$B$13*实验设置!$B$11*实验设置!$B$16*COS(RADIANS(C39))) -> 0.32611196 | E39: =IF(OR(B39="",C39="",实验设置!$B$13=""),"",实验设置!$B$16*(SIN(RADIANS(C39))-实验设置!$B$13*COS(RADIANS(C39)))) -> 1.9055207 | F39: 是 | G39: 黑色泡沫板
A40: T035 | B40: IMG_0379 | C40: 35 | D40: =IF(OR(B40="",C40="",实验设置!$B$11="",实验设置!$B$13=""),"",实验设置!$B$13*实验设置!$B$11*实验设置!$B$16*COS(RADIANS(C40))) -> 0.32611196 | E40: =IF(OR(B40="",C40="",实验设置!$B$13=""),"",实验设置!$B$16*(SIN(RADIANS(C40))-实验设置!$B$13*COS(RADIANS(C40)))) -> 1.9055207 | F40: 是 | G40: 黑色泡沫板
A41: T036 | B41: IMG_0352 | C41: 35 | D41: =IF(OR(B41="",C41="",实验设置!$B$11="",实验设置!$B$13=""),"",实验设置!$B$13*实验设置!$B$11*实验设置!$B$16*COS(RADIANS(C41))) -> 0.32611196 | E41: =IF(OR(B41="",C41="",实验设置!$B$13=""),"",实验设置!$B$16*(SIN(RADIANS(C41))-实验设置!$B$13*COS(RADIANS(C41)))) -> 1.9055207 | F41: 是 | G41: 绿色卡纸
A42: T037 | B42: IMG_0353 | C42: 35 | D42: =IF(OR(B42="",C42="",实验设置!$B$11="",实验设置!$B$13=""),"",实验设置!$B$13*实验设置!$B$11*实验设置!$B$16*COS(RADIANS(C42))) -> 0.32611196 | E42: =IF(OR(B42="",C42="",实验设置!$B$13=""),"",实验设置!$B$16*(SIN(RADIANS(C42))-实验设置!$B$13*COS(RADIANS(C42)))) -> 1.9055207 | F42: 是 | G42: 绿色卡纸
... A45: T040 | B45: IMG_0357 | C45: 35 | D45: =IF(OR(B45="",C45="",实验设置!$B$11="",实验设置!$B$13=""),"",实验设置!$B$13*实验设置!$B$11*实验设置!$B$16*COS(RADIANS(C45))) -> 0.32611196 | E45: =IF(OR(B45="",C45="",实验设置!$B$13=""),"",实验设置!$B$16*(SIN(RADIANS(C45))-实验设置!$B$13*COS(RADIANS(C45)))) -> 1.9055207 | F45: 是 | G45: 绿色卡纸
A46: T041 | B46: IMG_0287 | C46: 38 | D46: =IF(OR(B46="",C46="",实验设置!$B$11="",实验设置!$B$13=""),"",实验设置!$B$13*实验设置!$B$11*实验设置!$B$16*COS(RADIANS(C46))) -> 0.31371433 | E46: =IF(OR(B46="",C46="",实验设置!$B$13=""),"",实验设置!$B$16*(SIN(RADIANS(C46))-实验设置!$B$13*COS(RADIANS(C46)))) -> 2.4596304
A47: T042 | B47: IMG_0288 | C47: 38 | D47: =IF(OR(B47="",C47="",实验设置!$B$11="",实验设置!$B$13=""),"",实验设置!$B$13*实验设置!$B$11*实验设置!$B$16*COS(RADIANS(C47))) -> 0.31371433 | E47: =IF(OR(B47="",C47="",实验设置!$B$13=""),"",实验设置!$B$16*(SIN(RADIANS(C47))-实验设置!$B$13*COS(RADIANS(C47)))) -> 2.4596304
A48: T043 | B48: IMG_0290 | C48: 38 | D48: =IF(OR(B48="",C48="",实验设置!$B$11="",实验设置!$B$13=""),"",实验设置!$B$13*实验设置!$B$11*实验设置!$B$16*COS(RADIANS(C48))) -> 0.31371433 | E48: =IF(OR(B48="",C48="",实验设置!$B$13=""),"",实验设置!$B$16*(SIN(RADIANS(C48))-实验设置!$B$13*COS(RADIANS(C48)))) -> 2.4596304
A49: T044 | B49: IMG_0291 | C49: 38 | D49: =IF(OR(B49="",C49="",实验设置!$B$11="",实验设置!$B$13=""),"",实验设置!$B$13*实验设置!$B$11*实验设置!$B$16*COS(RADIANS(C49))) -> 0.31371433 | E49: =IF(OR(B49="",C49="",实验设置!$B$13=""),"",实验设置!$B$16*(SIN(RADIANS(C49))-实验设置!$B$13*COS(RADIANS(C49)))) -> 2.4596304
A50: T045 | B50: IMG_0292 | C50: 38 | D50: =IF(OR(B50="",C50="",实验设置!$B$11="",实验设置!$B$13=""),"",实验设置!$B$13*实验设置!$B$11*实验设置!$B$16*COS(RADIANS(C50))) -> 0.31371433 | E50: =IF(OR(B50="",C50="",实验设置!$B$13=""),"",实验设置!$B$16*(SIN(RADIANS(C50))-实验设置!$B$13*COS(RADIANS(C50)))) -> 2.4596304
A51: T046 | B51: IMG_0326 | C51: 38 | D51: =IF(OR(B51="",C51="",实验设置!$B$11="",实验设置!$B$13=""),"",实验设置!$B$13*实验设置!$B$11*实验设置!$B$16*COS(RADIANS(C51))) -> 0.31371433 | E51: =IF(OR(B51="",C51="",实验设置!$B$13=""),"",实验设置!$B$16*(SIN(RADIANS(C51))-实验设置!$B$13*COS(RADIANS(C51)))) -> 2.4596304 | F51: 是 | G51: 油画
A52: T047 | B52: IMG_0327 | C52: 38 | D52: =IF(OR(B52="",C52="",实验设置!$B$11="",实验设置!$B$13=""),"",实验设置!$B$13*实验设置!$B$11*实验设置!$B$16*COS(RADIANS(C52))) -> 0.31371433 | E52: =IF(OR(B52="",C52="",实验设置!$B$13=""),"",实验设置!$B$16*(SIN(RADIANS(C52))-实验设置!$B$13*COS(RADIANS(C52)))) -> 2.4596304 | F52: 是 | G52: 油画
A53: T048 | B53: IMG_0328 | C53: 38 | D53: =IF(OR(B53="",C53="",实验设置!$B$11="",实验设置!$B$13=""),"",实验设置!$B$13*实验设置!$B$11*实验设置!$B$16*COS(RADIANS(C53))) -> 0.31371433 | E53: =IF(OR(B53="",C53="",实验设置!$B$13=""),"",实验设置!$B$16*(SIN(RADIANS(C53))-实验设置!$B$13*COS(RADIANS(C53)))) -> 2.4596304 | F53: 是 | G53: 油画
A54: T049 | B54: IMG_0329 | C54: 38 | D54: =IF(OR(B54="",C54="",实验设置!$B$11="",实验设置!$B$13=""),"",实验设置!$B$13*实验设置!$B$11*实验设置!$B$16*COS(RADIANS(C54))) -> 0.31371433 | E54: =IF(OR(B54="",C54="",实验设置!$B$13=""),"",实验设置!$B$16*(SIN(RADIANS(C54))-实验设置!$B$13*COS(RADIANS(C54)))) -> 2.4596304 | F54: 是 | G54: 油画
A55: T050 | B55: IMG_0330 | C55: 38 | D55: =IF(OR(B55="",C55="",实验设置!$B$11="",实验设置!$B$13=""),"",实验设置!$B$13*实验设置!$B$11*实验设置!$B$16*COS(RADIANS(C55))) -> 0.31371433 | E55: =IF(OR(B55="",C55="",实验设置!$B$13=""),"",实验设置!$B$16*(SIN(RADIANS(C55))-实验设置!$B$13*COS(RADIANS(C55)))) -> 2.4596304 | F55: 是 | G55: 油画
A56: T051 | B56: IMG_0380 | C56: 38 | D56: =IF(OR(B56="",C56="",实验设置!$B$11="",实验设置!$B$13=""),"",实验设置!$B$13*实验设置!$B$11*实验设置!$B$16*COS(RADIANS(C56))) -> 0.31371433 | E56: =IF(OR(B56="",C56="",实验设置!$B$13=""),"",实验设置!$B$16*(SIN(RADIANS(C56))-实验设置!$B$13*COS(RADIANS(C56)))) -> 2.4596304 | F56: 是 | G56: 黑色泡沫板
A57: T052 | B57: IMG_0381 | C57: 38 | D57: =IF(OR(B57="",C57="",实验设置!$B$11="",实验设置!$B$13=""),"",实验设置!$B$13*实验设置!$B$11*实验设置!$B$16*COS(RADIANS(C57))) -> 0.31371433 | E57: =IF(OR(B57="",C57="",实验设置!$B$13=""),"",实验设置!$B$16*(SIN(RADIANS(C57))-实验设置!$B$13*COS(RADIANS(C57)))) -> 2.4596304 | F57: 是 | G57: 黑色泡沫板
A58: T053 | B58: IMG_0382 | C58: 38 | D58: =IF(OR(B58="",C58="",实验设置!$B$11="",实验设置!$B$13=""),"",实验设置!$B$13*实验设置!$B$11*实验设置!$B$16*COS(RADIANS(C58))) -> 0.31371433 | E58: =IF(OR(B58="",C58="",实验设置!$B$13=""),"",实验设置!$B$16*(SIN(RADIANS(C58))-实验设置!$B$13*COS(RADIANS(C58)))) -> 2.4596304 | F58: 是 | G58: 黑色泡沫板
A59: T054 | B59: IMG_0383 | C59: 38 | D59: =IF(OR(B59="",C59="",实验设置!$B$11="",实验设置!$B$13=""),"",实验设置!$B$13*实验设置!$B$11*实验设置!$B$16*COS(RADIANS(C59))) -> 0.31371433 | E59: =IF(OR(B59="",C59="",实验设置!$B$13=""),"",实验设置!$B$16*(SIN(RADIANS(C59))-实验设置!$B$13*COS(RADIANS(C59)))) -> 2.4596304 | F59: 是 | G59: 黑色泡沫板
A60: T055 | B60: IMG_0384 | C60: 38 | D60: =IF(OR(B60="",C60="",实验设置!$B$11="",实验设置!$B$13=""),"",实验设置!$B$13*实验设置!$B$11*实验设置!$B$16*COS(RADIANS(C60))) -> 0.31371433 | E60: =IF(OR(B60="",C60="",实验设置!$B$13=""),"",实验设置!$B$16*(SIN(RADIANS(C60))-实验设置!$B$13*COS(RADIANS(C60)))) -> 2.4596304 | F60: 是 | G60: 黑色泡沫板
A61: T056 | B61: IMG-0358 | C61: 38 | D61: =IF(OR(B61="",C61="",实验设置!$B$11="",实验设置!$B$13=""),"",实验设置!$B$13*实验设置!$B$11*实验设置!$B$16*COS(RADIANS(C61))) -> 0.31371433 | E61: =IF(OR(B61="",C61="",实验设置!$B$13=""),"",实验设置!$B$16*(SIN(RADIANS(C61))-实验设置!$B$13*COS(RADIANS(C61)))) -> 2.4596304 | F61: 是 | G61: 绿色卡纸
A62: T057 | B62: IMG-0359 | C62: 38 | D62: =IF(OR(B62="",C62="",实验设置!$B$11="",实验设置!$B$13=""),"",实验设置!$B$13*实验设置!$B$11*实验设置!$B$16*COS(RADIANS(C62))) -> 0.31371433 | E62: =IF(OR(B62="",C62="",实验设置!$B$13=""),"",实验设置!$B$16*(SIN(RADIANS(C62))-实验设置!$B$13*COS(RADIANS(C62)))) -> 2.4596304 | F62: 是 | G62: 绿色卡纸
... A65: T060 | B65: IMG-0362 | C65: 38 | D65: =IF(OR(B65="",C65="",实验设置!$B$11="",实验设置!$B$13=""),"",实验设置!$B$13*实验设置!$B$11*实验设置!$B$16*COS(RADIANS(C65))) -> 0.31371433 | E65: =IF(OR(B65="",C65="",实验设置!$B$13=""),"",实验设置!$B$16*(SIN(RADIANS(C65))-实验设置!$B$13*COS(RADIANS(C65)))) -> 2.4596304 | F65: 是 | G65: 绿色卡纸
A66: T061 | B66: IMG_0294 | C66: 41 | D66: =IF(OR(B66="",C66="",实验设置!$B$11="",实验设置!$B$13=""),"",实验设置!$B$13*实验设置!$B$11*实验设置!$B$16*COS(RADIANS(C66))) -> 0.30045682 | E66: =IF(OR(B66="",C66="",实验设置!$B$13=""),"",实验设置!$B$16*(SIN(RADIANS(C66))-实验设置!$B$13*COS(RADIANS(C66)))) -> 3.0069983
A67: T062 | B67: IMG_0295 | C67: 41 | D67: =IF(OR(B67="",C67="",实验设置!$B$11="",实验设置!$B$13=""),"",实验设置!$B$13*实验设置!$B$11*实验设置!$B$16*COS(RADIANS(C67))) -> 0.30045682 | E67: =IF(OR(B67="",C67="",实验设置!$B$13=""),"",实验设置!$B$16*(SIN(RADIANS(C67))-实验设置!$B$13*COS(RADIANS(C67)))) -> 3.0069983
A68: T063 | B68: IMG_0296 | C68: 41 | D68: =IF(OR(B68="",C68="",实验设置!$B$11="",实验设置!$B$13=""),"",实验设置!$B$13*实验设置!$B$11*实验设置!$B$16*COS(RADIANS(C68))) -> 0.30045682 | E68: =IF(OR(B68="",C68="",实验设置!$B$13=""),"",实验设置!$B$16*(SIN(RADIANS(C68))-实验设置!$B$13*COS(RADIANS(C68)))) -> 3.0069983
A69: T064 | B69: IMG_0297 | C69: 41 | D69: =IF(OR(B69="",C69="",实验设置!$B$11="",实验设置!$B$13=""),"",实验设置!$B$13*实验设置!$B$11*实验设置!$B$16*COS(RADIANS(C69))) -> 0.30045682 | E69: =IF(OR(B69="",C69="",实验设置!$B$13=""),"",实验设置!$B$16*(SIN(RADIANS(C69))-实验设置!$B$13*COS(RADIANS(C69)))) -> 3.0069983
A70: T065 | B70: IMG_0298 | C70: 41 | D70: =IF(OR(B70="",C70="",实验设置!$B$11="",实验设置!$B$13=""),"",实验设置!$B$13*实验设置!$B$11*实验设置!$B$16*COS(RADIANS(C70))) -> 0.30045682 | E70: =IF(OR(B70="",C70="",实验设置!$B$13=""),"",实验设置!$B$16*(SIN(RADIANS(C70))-实验设置!$B$13*COS(RADIANS(C70)))) -> 3.0069983
A71: T066 | B71: IMG_0331 | C71: 41 | D71: =IF(OR(B71="",C71="",实验设置!$B$11="",实验设置!$B$13=""),"",实验设置!$B$13*实验设置!$B$11*实验设置!$B$16*COS(RADIANS(C71))) -> 0.30045682 | E71: =IF(OR(B71="",C71="",实验设置!$B$13=""),"",实验设置!$B$16*(SIN(RADIANS(C71))-实验设置!$B$13*COS(RADIANS(C71)))) -> 3.0069983 | F71: 是 | G71: 油画
A72: T067 | B72: IMG_0332 | C72: 41 | D72: =IF(OR(B72="",C72="",实验设置!$B$11="",实验设置!$B$13=""),"",实验设置!$B$13*实验设置!$B$11*实验设置!$B$16*COS(RADIANS(C72))) -> 0.30045682 | E72: =IF(OR(B72="",C72="",实验设置!$B$13=""),"",实验设置!$B$16*(SIN(RADIANS(C72))-实验设置!$B$13*COS(RADIANS(C72)))) -> 3.0069983 | F72: 是 | G72: 油画
A73: T068 | B73: IMG_0333 | C73: 41 | D73: =IF(OR(B73="",C73="",实验设置!$B$11="",实验设置!$B$13=""),"",实验设置!$B$13*实验设置!$B$11*实验设置!$B$16*COS(RADIANS(C73))) -> 0.30045682 | E73: =IF(OR(B73="",C73="",实验设置!$B$13=""),"",实验设置!$B$16*(SIN(RADIANS(C73))-实验设置!$B$13*COS(RADIANS(C73)))) -> 3.0069983 | F73: 是 | G73: 油画
A74: T069 | B74: IMG_0334 | C74: 41 | D74: =IF(OR(B74="",C74="",实验设置!$B$11="",实验设置!$B$13=""),"",实验设置!$B$13*实验设置!$B$11*实验设置!$B$16*COS(RADIANS(C74))) -> 0.30045682 | E74: =IF(OR(B74="",C74="",实验设置!$B$13=""),"",实验设置!$B$16*(SIN(RADIANS(C74))-实验设置!$B$13*COS(RADIANS(C74)))) -> 3.0069983 | F74: 是 | G74: 油画
A75: T070 | B75: IMG_0335 | C75: 41 | D75: =IF(OR(B75="",C75="",实验设置!$B$11="",实验设置!$B$13=""),"",实验设置!$B$13*实验设置!$B$11*实验设置!$B$16*COS(RADIANS(C75))) -> 0.30045682 | E75: =IF(OR(B75="",C75="",实验设置!$B$13=""),"",实验设置!$B$16*(SIN(RADIANS(C75))-实验设置!$B$13*COS(RADIANS(C75)))) -> 3.0069983 | F75: 是 | G75: 油画
A76: T071 | B76: IMG_0385 | C76: 41 | D76: =IF(OR(B76="",C76="",实验设置!$B$11="",实验设置!$B$13=""),"",实验设置!$B$13*实验设置!$B$11*实验设置!$B$16*COS(RADIANS(C76))) -> 0.30045682 | E76: =IF(OR(B76="",C76="",实验设置!$B$13=""),"",实验设置!$B$16*(SIN(RADIANS(C76))-实验设置!$B$13*COS(RADIANS(C76)))) -> 3.0069983 | F76: 是 | G76: 黑色泡沫板
A77: T072 | B77: IMG_0386 | C77: 41 | D77: =IF(OR(B77="",C77="",实验设置!$B$11="",实验设置!$B$13=""),"",实验设置!$B$13*实验设置!$B$11*实验设置!$B$16*COS(RADIANS(C77))) -> 0.30045682 | E77: =IF(OR(B77="",C77="",实验设置!$B$13=""),"",实验设置!$B$16*(SIN(RADIANS(C77))-实验设置!$B$13*COS(RADIANS(C77)))) -> 3.0069983 | F77: 是 | G77: 黑色泡沫板
A78: T073 | B78: IMG_0387 | C78: 41 | D78: =IF(OR(B78="",C78="",实验设置!$B$11="",实验设置!$B$13=""),"",实验设置!$B$13*实验设置!$B$11*实验设置!$B$16*COS(RADIANS(C78))) -> 0.30045682 | E78: =IF(OR(B78="",C78="",实验设置!$B$13=""),"",实验设置!$B$16*(SIN(RADIANS(C78))-实验设置!$B$13*COS(RADIANS(C78)))) -> 3.0069983 | F78: 是 | G78: 黑色泡沫板
A79: T074 | B79: IMG_0388 | C79: 41 | D79: =IF(OR(B79="",C79="",实验设置!$B$11="",实验设置!$B$13=""),"",实验设置!$B$13*实验设置!$B$11*实验设置!$B$16*COS(RADIANS(C79))) -> 0.30045682 | E79: =IF(OR(B79="",C79="",实验设置!$B$13=""),"",实验设置!$B$16*(SIN(RADIANS(C79))-实验设置!$B$13*COS(RADIANS(C79)))) -> 3.0069983 | F79: 是 | G79: 黑色泡沫板
A80: T075 | B80: IMG_0389 | C80: 41 | D80: =IF(OR(B80="",C80="",实验设置!$B$11="",实验设置!$B$13=""),"",实验设置!$B$13*实验设置!$B$11*实验设置!$B$16*COS(RADIANS(C80))) -> 0.30045682 | E80: =IF(OR(B80="",C80="",实验设置!$B$13=""),"",实验设置!$B$16*(SIN(RADIANS(C80))-实验设置!$B$13*COS(RADIANS(C80)))) -> 3.0069983 | F80: 是 | G80: 黑色泡沫板
A81: T076 | B81: IMG-0363 | C81: 41 | D81: =IF(OR(B81="",C81="",实验设置!$B$11="",实验设置!$B$13=""),"",实验设置!$B$13*实验设置!$B$11*实验设置!$B$16*COS(RADIANS(C81))) -> 0.30045682 | E81: =IF(OR(B81="",C81="",实验设置!$B$13=""),"",实验设置!$B$16*(SIN(RADIANS(C81))-实验设置!$B$13*COS(RADIANS(C81)))) -> 3.0069983 | F81: 是 | G81: 绿色卡纸
A82: T077 | B82: IMG-0364 | C82: 41 | D82: =IF(OR(B82="",C82="",实验设置!$B$11="",实验设置!$B$13=""),"",实验设置!$B$13*实验设置!$B$11*实验设置!$B$16*COS(RADIANS(C82))) -> 0.30045682 | E82: =IF(OR(B82="",C82="",实验设置!$B$13=""),"",实验设置!$B$16*(SIN(RADIANS(C82))-实验设置!$B$13*COS(RADIANS(C82)))) -> 3.0069983 | F82: 是 | G82: 绿色卡纸
... A85: T080 | B85: IMG-0367 | C85: 41 | D85: =IF(OR(B85="",C85="",实验设置!$B$11="",实验设置!$B$13=""),"",实验设置!$B$13*实验设置!$B$11*实验设置!$B$16*COS(RADIANS(C85))) -> 0.30045682 | E85: =IF(OR(B85="",C85="",实验设置!$B$13=""),"",实验设置!$B$16*(SIN(RADIANS(C85))-实验设置!$B$13*COS(RADIANS(C85)))) -> 3.0069983 | F85: 是 | G85: 绿色卡纸
A86: T081 | B86: IMG_0299 | C86: 44 | D86: =IF(OR(B86="",C86="",实验设置!$B$11="",实验设置!$B$13=""),"",实验设置!$B$13*实验设置!$B$11*实验设置!$B$16*COS(RADIANS(C86))) -> 0.28637579 | E86: =IF(OR(B86="",C86="",实验设置!$B$13=""),"",实验设置!$B$16*(SIN(RADIANS(C86))-实验设置!$B$13*COS(RADIANS(C86)))) -> 3.5461243
A87: T082 | B87: IMG_0300 | C87: 44 | D87: =IF(OR(B87="",C87="",实验设置!$B$11="",实验设置!$B$13=""),"",实验设置!$B$13*实验设置!$B$11*实验设置!$B$16*COS(RADIANS(C87))) -> 0.28637579 | E87: =IF(OR(B87="",C87="",实验设置!$B$13=""),"",实验设置!$B$16*(SIN(RADIANS(C87))-实验设置!$B$13*COS(RADIANS(C87)))) -> 3.5461243
A88: T083 | B88: IMG_0302 | C88: 44 | D88: =IF(OR(B88="",C88="",实验设置!$B$11="",实验设置!$B$13=""),"",实验设置!$B$13*实验设置!$B$11*实验设置!$B$16*COS(RADIANS(C88))) -> 0.28637579 | E88: =IF(OR(B88="",C88="",实验设置!$B$13=""),"",实验设置!$B$16*(SIN(RADIANS(C88))-实验设置!$B$13*COS(RADIANS(C88)))) -> 3.5461243
A89: T084 | B89: IMG_0303 | C89: 44 | D89: =IF(OR(B89="",C89="",实验设置!$B$11="",实验设置!$B$13=""),"",实验设置!$B$13*实验设置!$B$11*实验设置!$B$16*COS(RADIANS(C89))) -> 0.28637579 | E89: =IF(OR(B89="",C89="",实验设置!$B$13=""),"",实验设置!$B$16*(SIN(RADIANS(C89))-实验设置!$B$13*COS(RADIANS(C89)))) -> 3.5461243
A90: T085 | B90: IMG_0305 | C90: 44 | D90: =IF(OR(B90="",C90="",实验设置!$B$11="",实验设置!$B$13=""),"",实验设置!$B$13*实验设置!$B$11*实验设置!$B$16*COS(RADIANS(C90))) -> 0.28637579 | E90: =IF(OR(B90="",C90="",实验设置!$B$13=""),"",实验设置!$B$16*(SIN(RADIANS(C90))-实验设置!$B$13*COS(RADIANS(C90)))) -> 3.5461243
A91: T086 | B91: IMG_0336 | C91: 44 | D91: =IF(OR(B91="",C91="",实验设置!$B$11="",实验设置!$B$13=""),"",实验设置!$B$13*实验设置!$B$11*实验设置!$B$16*COS(RADIANS(C91))) -> 0.28637579 | E91: =IF(OR(B91="",C91="",实验设置!$B$13=""),"",实验设置!$B$16*(SIN(RADIANS(C91))-实验设置!$B$13*COS(RADIANS(C91)))) -> 3.5461243 | F91: 是 | G91: 油画
A92: T087 | B92: IMG_0337 | C92: 44 | D92: =IF(OR(B92="",C92="",实验设置!$B$11="",实验设置!$B$13=""),"",实验设置!$B$13*实验设置!$B$11*实验设置!$B$16*COS(RADIANS(C92))) -> 0.28637579 | E92: =IF(OR(B92="",C92="",实验设置!$B$13=""),"",实验设置!$B$16*(SIN(RADIANS(C92))-实验设置!$B$13*COS(RADIANS(C92)))) -> 3.5461243 | F92: 是 | G92: 油画
A93: T088 | B93: IMG_0338 | C93: 44 | D93: =IF(OR(B93="",C93="",实验设置!$B$11="",实验设置!$B$13=""),"",实验设置!$B$13*实验设置!$B$11*实验设置!$B$16*COS(RADIANS(C93))) -> 0.28637579 | E93: =IF(OR(B93="",C93="",实验设置!$B$13=""),"",实验设置!$B$16*(SIN(RADIANS(C93))-实验设置!$B$13*COS(RADIANS(C93)))) -> 3.5461243 | F93: 是 | G93: 油画
A94: T089 | B94: IMG_0339 | C94: 44 | D94: =IF(OR(B94="",C94="",实验设置!$B$11="",实验设置!$B$13=""),"",实验设置!$B$13*实验设置!$B$11*实验设置!$B$16*COS(RADIANS(C94))) -> 0.28637579 | E94: =IF(OR(B94="",C94="",实验设置!$B$13=""),"",实验设置!$B$16*(SIN(RADIANS(C94))-实验设置!$B$13*COS(RADIANS(C94)))) -> 3.5461243 | F94: 是 | G94: 油画
A95: T090 | B95: IMG_0340 | C95: 44 | D95: =IF(OR(B95="",C95="",实验设置!$B$11="",实验设置!$B$13=""),"",实验设置!$B$13*实验设置!$B$11*实验设置!$B$16*COS(RADIANS(C95))) -> 0.28637579 | E95: =IF(OR(B95="",C95="",实验设置!$B$13=""),"",实验设置!$B$16*(SIN(RADIANS(C95))-实验设置!$B$13*COS(RADIANS(C95)))) -> 3.5461243 | F95: 是 | G95: 油画
A96: T091 | B96: IMG_0390 | C96: 44 | D96: =IF(OR(B96="",C96="",实验设置!$B$11="",实验设置!$B$13=""),"",实验设置!$B$13*实验设置!$B$11*实验设置!$B$16*COS(RADIANS(C96))) -> 0.28637579 | E96: =IF(OR(B96="",C96="",实验设置!$B$13=""),"",实验设置!$B$16*(SIN(RADIANS(C96))-实验设置!$B$13*COS(RADIANS(C96)))) -> 3.5461243 | F96: 是 | G96: 黑色泡沫板
A97: T092 | B97: IMG_0391 | C97: 44 | D97: =IF(OR(B97="",C97="",实验设置!$B$11="",实验设置!$B$13=""),"",实验设置!$B$13*实验设置!$B$11*实验设置!$B$16*COS(RADIANS(C97))) -> 0.28637579 | E97: =IF(OR(B97="",C97="",实验设置!$B$13=""),"",实验设置!$B$16*(SIN(RADIANS(C97))-实验设置!$B$13*COS(RADIANS(C97)))) -> 3.5461243 | F97: 是 | G97: 黑色泡沫板
A98: T093 | B98: IMG_0392 | C98: 44 | D98: =IF(OR(B98="",C98="",实验设置!$B$11="",实验设置!$B$13=""),"",实验设置!$B$13*实验设置!$B$11*实验设置!$B$16*COS(RADIANS(C98))) -> 0.28637579 | E98: =IF(OR(B98="",C98="",实验设置!$B$13=""),"",实验设置!$B$16*(SIN(RADIANS(C98))-实验设置!$B$13*COS(RADIANS(C98)))) -> 3.5461243 | F98: 是 | G98: 黑色泡沫板
A99: T094 | B99: IMG_0393 | C99: 44 | D99: =IF(OR(B99="",C99="",实验设置!$B$11="",实验设置!$B$13=""),"",实验设置!$B$13*实验设置!$B$11*实验设置!$B$16*COS(RADIANS(C99))) -> 0.28637579 | E99: =IF(OR(B99="",C99="",实验设置!$B$13=""),"",实验设置!$B$16*(SIN(RADIANS(C99))-实验设置!$B$13*COS(RADIANS(C99)))) -> 3.5461243 | F99: 是 | G99: 黑色泡沫板
A100: T095 | B100: IMG_0394 | C100: 44 | D100: =IF(OR(B100="",C100="",实验设置!$B$11="",实验设置!$B$13=""),"",实验设置!$B$13*实验设置!$B$11*实验设置!$B$16*COS(RADIANS(C100))) -> 0.28637579 | E100: =IF(OR(B100="",C100="",实验设置!$B$13=""),"",实验设置!$B$16*(SIN(RADIANS(C100))-实验设置!$B$13*COS(RADIANS(C100)))) -> 3.5461243 | F100: 是 | G100: 黑色泡沫板
A101: T096 | B101: IMG_0368 | C101: 44 | D101: =IF(OR(B101="",C101="",实验设置!$B$11="",实验设置!$B$13=""),"",实验设置!$B$13*实验设置!$B$11*实验设置!$B$16*COS(RADIANS(C101))) -> 0.28637579 | E101: =IF(OR(B101="",C101="",实验设置!$B$13=""),"",实验设置!$B$16*(SIN(RADIANS(C101))-实验设置!$B$13*COS(RADIANS(C101)))) -> 3.5461243 | F101: 是 | G101: 绿色卡纸
A102: T097 | B102: IMG_0369 | C102: 44 | D102: =IF(OR(B102="",C102="",实验设置!$B$11="",实验设置!$B$13=""),"",实验设置!$B$13*实验设置!$B$11*实验设置!$B$16*COS(RADIANS(C102))) -> 0.28637579 | E102: =IF(OR(B102="",C102="",实验设置!$B$13=""),"",实验设置!$B$16*(SIN(RADIANS(C102))-实验设置!$B$13*COS(RADIANS(C102)))) -> 3.5461243 | F102: 是 | G102: 绿色卡纸
... A105: T100 | B105: IMG_0373 | C105: 44 | D105: =IF(OR(B105="",C105="",实验设置!$B$11="",实验设置!$B$13=""),"",实验设置!$B$13*实验设置!$B$11*实验设置!$B$16*COS(RADIANS(C105))) -> 0.28637579 | E105: =IF(OR(B105="",C105="",实验设置!$B$13=""),"",实验设置!$B$16*(SIN(RADIANS(C105))-实验设置!$B$13*COS(RADIANS(C105)))) -> 3.5461243 | F105: 是 | G105: 绿色卡纸
A106: T101 | D106: =IF(OR(B106="",C106="",实验设置!$B$11="",实验设置!$B$13=""),"",实验设置!$B$13*实验设置!$B$11*实验设置!$B$16*COS(RADIANS(C106))) | E106: =IF(OR(B106="",C106="",实验设置!$B$13=""),"",实验设置!$B$16*(SIN(RADIANS(C106))-实验设置!$B$13*COS(RADIANS(C106))))
A107: T102 | D107: =IF(OR(B107="",C107="",实验设置!$B$11="",实验设置!$B$13=""),"",实验设置!$B$13*实验设置!$B$11*实验设置!$B$16*COS(RADIANS(C107))) | E107: =IF(OR(B107="",C107="",实验设置!$B$13=""),"",实验设置!$B$16*(SIN(RADIANS(C107))-实验设置!$B$13*COS(RADIANS(C107))))
A108: T103 | D108: =IF(OR(B108="",C108="",实验设置!$B$11="",实验设置!$B$13=""),"",实验设置!$B$13*实验设置!$B$11*实验设置!$B$16*COS(RADIANS(C108))) | E108: =IF(OR(B108="",C108="",实验设置!$B$13=""),"",实验设置!$B$16*(SIN(RADIANS(C108))-实验设置!$B$13*COS(RADIANS(C108))))
A109: T104 | D109: =IF(OR(B109="",C109="",实验设置!$B$11="",实验设置!$B$13=""),"",实验设置!$B$13*实验设置!$B$11*实验设置!$B$16*COS(RADIANS(C109))) | E109: =IF(OR(B109="",C109="",实验设置!$B$13=""),"",实验设置!$B$16*(SIN(RADIANS(C109))-实验设置!$B$13*COS(RADIANS(C109))))
A110: T105 | D110: =IF(OR(B110="",C110="",实验设置!$B$11="",实验设置!$B$13=""),"",实验设置!$B$13*实验设置!$B$11*实验设置!$B$16*COS(RADIANS(C110))) | E110: =IF(OR(B110="",C110="",实验设置!$B$13=""),"",实验设置!$B$16*(SIN(RADIANS(C110))-实验设置!$B$13*COS(RADIANS(C110))))
A111: T106 | D111: =IF(OR(B111="",C111="",实验设置!$B$11="",实验设置!$B$13=""),"",实验设置!$B$13*实验设置!$B$11*实验设置!$B$16*COS(RADIANS(C111))) | E111: =IF(OR(B111="",C111="",实验设置!$B$13=""),"",实验设置!$B$16*(SIN(RADIANS(C111))-实验设置!$B$13*COS(RADIANS(C111))))
A112: T107 | D112: =IF(OR(B112="",C112="",实验设置!$B$11="",实验设置!$B$13=""),"",实验设置!$B$13*实验设置!$B$11*实验设置!$B$16*COS(RADIANS(C112))) | E112: =IF(OR(B112="",C112="",实验设置!$B$13=""),"",实验设置!$B$16*(SIN(RADIANS(C112))-实验设置!$B$13*COS(RADIANS(C112))))
...
